{"weights": [[0.6673768464414255], [-0.027518116477821902]], "bias": [1.1298474793010151]}